price,area,bedrooms,bathrooms,stories,mainroad,guestroom,basement,hotwaterheating,airconditioning,parking,prefarea,furnishingstatus
16032669,1088,3,4,3,Yes,No,No,Yes,Yes,2,New Delhi,Semi-Furnsihed
1998547,250,1,1,1,No,No,No,No,Yes,1,East Delhi,Unfurnished
10881728,952,3,3,1,Yes,No,No,No,Yes,1,North Delhi,Semi-Furnsihed
11732616,1109,3,3,1,Yes,No,No,No,Yes,1,West Delhi,Semi-Furnsihed
25591044,1535,3,3,1,Yes,No,No,No,Yes,2,South Delhi,Unfurnished
34477522,1848,4,4,1,No,No,No,No,Yes,2,South Delhi,Unfurnished
34673086,1700,3,3,1,No,No,No,No,No,3,South Delhi,Furnished
9079482,983,2,2,1,No,No,No,No,Yes,1,North Delhi,Unfurnished
9795080,820,2,3,1,Yes,No,No,No,No,1,West Delhi,Furnished
2931241,250,1,1,1,No,No,No,No,No,1,West Delhi,Semi-Furnsihed
24631846,1457,3,4,1,No,Yes,No,No,Yes,2,South Delhi,Semi-Furnsihed
6860206,772,1,1,1,No,No,No,No,No,1,East Delhi,Furnished
9943701,908,2,3,1,Yes,Yes,No,No,Yes,1,North Delhi,Unfurnished
5255805,325,1,1,4,Yes,No,Yes,No,No,0,Central Area,Unfurnished
7104530,413,1,1,1,Yes,No,No,No,No,1,Central Area,Unfurnished
24895015,1373,2,2,1,Yes,No,Yes,No,No,1,Central Area,Semi-Furnsihed
14199312,882,1,1,2,Yes,No,No,No,No,1,Central Area,Unfurnished
20142224,1340,3,3,4,No,No,No,No,No,1,New Delhi,Semi-Furnsihed
14751863,1014,3,4,1,Yes,No,No,No,No,2,New Delhi,Semi-Furnsihed
14575076,913,3,4,2,Yes,No,No,Yes,No,1,Central Area,Unfurnished
14197299,1248,3,4,1,No,No,No,No,No,2,West Delhi,Unfurnished
16983923,890,2,3,1,Yes,No,No,No,Yes,1,South Delhi,Furnished
13360619,943,3,3,1,No,No,No,Yes,Yes,1,Central Area,Unfurnished
12644874,768,2,2,1,No,No,No,Yes,Yes,1,New Delhi,Unfurnished
12101157,782,1,1,1,No,No,No,No,Yes,1,New Delhi,Unfurnished
6738145,676,2,2,1,No,No,No,No,Yes,1,North Delhi,Unfurnished
17656435,999,2,2,1,Yes,No,No,No,Yes,1,Central Area,Semi-Furnsihed
12442853,760,2,2,1,Yes,No,No,No,No,1,New Delhi,Unfurnished
13683095,1383,3,3,1,No,Yes,No,Yes,No,2,West Delhi,Furnished
12864545,663,2,2,1,No,No,No,No,Yes,2,South Delhi,Semi-Furnsihed
7977326,770,2,3,1,No,No,No,No,No,1,West Delhi,Semi-Furnsihed
17873117,936,3,4,2,No,No,No,No,No,1,South Delhi,Semi-Furnsihed
39407709,2068,4,4,2,Yes,No,No,No,Yes,2,South Delhi,Semi-Furnsihed
6896277,768,1,2,2,No,Yes,No,No,No,1,East Delhi,Furnished
8650371,1061,2,3,1,No,No,No,No,Yes,0,East Delhi,Semi-Furnsihed
2219014,250,1,1,2,Yes,No,No,No,No,1,North Delhi,Unfurnished
17511742,1020,3,3,1,No,Yes,No,No,Yes,1,Central Area,Furnished
34550257,1733,4,4,1,Yes,No,No,Yes,Yes,3,South Delhi,Furnished
10316421,884,2,3,1,No,No,No,No,No,1,West Delhi,Unfurnished
22646136,1532,4,5,1,Yes,No,No,Yes,No,2,New Delhi,Furnished
17847699,889,2,2,1,No,No,No,No,Yes,1,South Delhi,Semi-Furnsihed
25057752,1704,4,4,2,No,No,No,No,Yes,1,New Delhi,Unfurnished
52308639,2579,4,4,2,No,Yes,No,No,Yes,2,South Delhi,Furnished
4577072,573,2,2,1,No,No,No,No,No,0,East Delhi,Semi-Furnsihed
11878340,699,2,2,1,No,No,No,No,Yes,1,Central Area,Semi-Furnsihed
17000534,1467,4,5,3,Yes,No,No,No,No,1,West Delhi,Unfurnished
24579433,1610,3,4,1,Yes,No,Yes,No,No,1,Central Area,Unfurnished
10830775,738,2,3,1,Yes,No,No,Yes,Yes,1,New Delhi,Unfurnished
7462913,671,1,2,1,Yes,No,No,No,No,2,West Delhi,Unfurnished
15299161,773,2,3,1,Yes,No,No,No,Yes,1,Central Area,Furnished
2010202,250,1,1,1,No,No,No,No,No,0,East Delhi,Furnished
5094152,432,1,2,1,Yes,Yes,No,No,No,1,North Delhi,Semi-Furnsihed
3305948,348,1,1,1,No,No,No,No,No,1,East Delhi,Furnished
3427868,431,1,2,1,No,No,No,No,No,1,East Delhi,Unfurnished
9020688,835,1,1,1,No,No,No,No,No,1,West Delhi,Unfurnished
6347872,781,2,3,1,Yes,No,No,No,No,1,East Delhi,Furnished
38946769,2130,4,4,2,Yes,No,No,No,Yes,3,South Delhi,Unfurnished
7127592,450,1,1,2,No,Yes,No,No,No,1,Central Area,Furnished
34369399,1790,4,4,1,Yes,Yes,No,No,Yes,2,South Delhi,Semi-Furnsihed
14710412,803,2,2,1,Yes,No,No,No,Yes,1,Central Area,Semi-Furnsihed
14801665,975,3,4,1,No,No,No,No,Yes,1,New Delhi,Semi-Furnsihed
19539092,1203,2,3,1,Yes,No,No,No,No,1,Central Area,Semi-Furnsihed
3397953,350,1,1,1,No,No,No,No,Yes,1,North Delhi,Furnished
19190215,1191,3,3,1,No,Yes,No,No,No,1,New Delhi,Semi-Furnsihed
16147927,974,3,3,2,No,No,No,No,Yes,2,Central Area,Unfurnished
11693524,1059,2,2,2,No,No,No,No,No,1,West Delhi,Unfurnished
25877982,1373,2,2,1,No,No,Yes,No,No,1,South Delhi,Semi-Furnsihed
18032193,1782,4,5,2,Yes,No,No,No,No,2,North Delhi,Semi-Furnsihed
15451834,817,2,2,1,No,No,No,Yes,Yes,1,South Delhi,Unfurnished
4104890,514,2,2,1,No,No,No,No,No,1,East Delhi,Unfurnished
5772059,550,2,2,1,Yes,No,No,No,No,0,North Delhi,Semi-Furnsihed
11067177,650,2,2,1,No,Yes,No,No,No,1,Central Area,Semi-Furnsihed
15697267,817,2,2,2,Yes,No,No,No,No,1,South Delhi,Unfurnished
13939256,1275,2,3,1,No,No,Yes,No,Yes,1,North Delhi,Unfurnished
17138028,1453,4,4,1,No,No,No,No,No,3,West Delhi,Furnished
6230211,571,2,2,3,No,No,No,No,No,1,North Delhi,Unfurnished
5075025,467,2,2,1,No,No,No,No,No,1,North Delhi,Furnished
31126768,1482,4,4,1,No,No,Yes,Yes,Yes,2,South Delhi,Semi-Furnsihed
11808678,723,2,2,1,Yes,Yes,No,No,No,2,New Delhi,Semi-Furnsihed
25280939,1579,3,4,2,No,No,No,Yes,No,1,South Delhi,Unfurnished
9499736,881,2,3,2,Yes,No,No,No,No,2,North Delhi,Unfurnished
2941137,250,1,1,1,Yes,No,Yes,No,No,1,West Delhi,Semi-Furnsihed
26983781,1596,3,3,1,No,No,No,Yes,No,2,Central Area,Furnished
42928217,2277,4,4,1,No,No,Yes,No,No,2,South Delhi,Unfurnished
10674901,624,1,1,2,No,No,Yes,No,No,1,Central Area,Furnished
12723557,725,1,2,1,No,No,Yes,No,Yes,1,Central Area,Semi-Furnsihed
9531227,914,3,4,1,No,No,No,No,Yes,1,North Delhi,Furnished
11746292,992,2,2,3,No,No,No,No,No,2,West Delhi,Unfurnished
7537080,930,3,3,1,No,No,No,No,Yes,1,East Delhi,Unfurnished
30871490,2005,4,4,1,No,Yes,No,No,No,2,New Delhi,Semi-Furnsihed
19713835,1093,2,3,1,Yes,No,Yes,No,No,2,South Delhi,Semi-Furnsihed
5814479,510,1,2,3,Yes,No,No,No,Yes,0,West Delhi,Unfurnished
2528066,250,1,1,1,No,No,No,No,No,1,North Delhi,Unfurnished
6188522,539,2,2,1,No,Yes,No,No,No,1,West Delhi,Unfurnished
7673520,786,2,3,1,No,Yes,No,No,Yes,0,North Delhi,Unfurnished
27022801,1897,4,4,2,Yes,Yes,Yes,No,No,2,New Delhi,Unfurnished
12717994,741,2,2,1,Yes,Yes,No,No,Yes,2,New Delhi,Furnished
18149493,1111,3,3,1,Yes,No,No,Yes,No,0,New Delhi,Unfurnished
21733126,1190,3,4,4,No,No,No,No,Yes,1,South Delhi,Furnished
40815164,1913,4,4,2,Yes,Yes,Yes,No,No,2,South Delhi,Semi-Furnsihed
49720791,2716,5,5,1,No,No,No,Yes,No,3,South Delhi,Unfurnished
7066924,624,2,3,1,No,No,No,No,No,1,West Delhi,Semi-Furnsihed
11241154,679,2,2,1,Yes,No,No,No,No,1,Central Area,Furnished
23312285,1522,4,4,3,Yes,No,Yes,No,Yes,2,New Delhi,Furnished
7948715,938,3,3,1,No,No,No,No,No,1,East Delhi,Unfurnished
27743329,1731,4,4,1,Yes,Yes,No,No,No,3,Central Area,Semi-Furnsihed
18458943,1291,3,4,1,Yes,No,No,Yes,No,2,New Delhi,Unfurnished
6950422,656,2,2,1,No,No,No,No,No,0,North Delhi,Unfurnished
17030093,1165,3,3,1,No,No,No,No,No,1,Central Area,Semi-Furnsihed
32977864,1865,4,4,1,Yes,No,No,No,Yes,2,South Delhi,Furnished
20687546,1269,3,4,2,Yes,No,No,No,Yes,1,Central Area,Unfurnished
29785317,1504,4,5,3,No,No,No,Yes,Yes,2,South Delhi,Furnished
9363677,1073,3,3,1,Yes,No,No,No,No,1,East Delhi,Furnished
13450747,1267,3,3,3,Yes,No,No,No,Yes,2,North Delhi,Furnished
18206853,1437,4,5,1,Yes,No,No,No,No,3,West Delhi,Unfurnished
11071909,1059,3,3,1,No,No,No,No,No,1,North Delhi,Furnished
7662210,733,2,3,1,Yes,No,No,No,No,2,North Delhi,Furnished
15911919,966,2,3,1,No,Yes,No,No,No,1,Central Area,Furnished
9500293,1122,3,4,1,No,No,No,No,Yes,1,East Delhi,Semi-Furnsihed
9657218,591,1,1,1,No,No,No,No,Yes,1,New Delhi,Semi-Furnsihed
10153873,947,3,3,1,No,No,No,No,No,1,North Delhi,Unfurnished
4176136,562,2,3,1,Yes,No,No,No,Yes,1,East Delhi,Unfurnished
15544008,912,2,2,1,Yes,No,No,No,Yes,1,Central Area,Furnished
40093122,1967,3,3,2,No,Yes,No,No,Yes,2,South Delhi,Furnished
16315122,985,3,4,1,No,No,No,No,No,2,Central Area,Unfurnished
16597533,1023,3,4,1,Yes,Yes,No,No,No,2,New Delhi,Furnished
2643316,256,1,1,1,No,No,No,No,No,0,North Delhi,Unfurnished
11073878,1098,3,3,1,No,No,No,No,No,1,North Delhi,Furnished
32498130,1587,3,3,2,No,Yes,No,Yes,Yes,2,South Delhi,Unfurnished
36110295,2081,4,5,2,No,No,Yes,No,No,1,New Delhi,Furnished
12015951,846,2,3,1,No,No,No,No,No,1,New Delhi,Semi-Furnsihed
15693826,998,3,3,2,Yes,Yes,Yes,Yes,No,1,Central Area,Unfurnished
23439420,1349,3,3,1,No,No,No,No,No,2,South Delhi,Semi-Furnsihed
29546000,1609,4,5,1,No,Yes,No,No,Yes,1,Central Area,Furnished
4917298,666,2,2,1,No,No,No,No,No,1,East Delhi,Unfurnished
16395757,1025,3,3,3,Yes,No,No,No,Yes,1,Central Area,Unfurnished
21708584,1303,3,4,1,No,No,No,Yes,Yes,2,New Delhi,Furnished
10789137,929,3,3,1,Yes,No,No,No,No,2,West Delhi,Furnished
12175431,776,1,2,1,Yes,No,No,No,No,2,New Delhi,Semi-Furnsihed
6209996,767,2,2,1,No,No,No,No,Yes,1,East Delhi,Furnished
9085084,1075,2,2,1,Yes,No,No,No,Yes,0,East Delhi,Unfurnished
7298269,438,1,2,1,Yes,No,No,No,Yes,1,Central Area,Furnished
16148917,1066,3,3,1,No,No,No,No,No,2,New Delhi,Semi-Furnsihed
10045919,584,2,3,3,No,No,No,No,No,1,Central Area,Furnished
24304789,1437,4,4,2,Yes,No,No,No,Yes,1,Central Area,Semi-Furnsihed
5464731,286,1,1,1,No,No,No,No,No,1,South Delhi,Furnished
6814535,612,1,1,2,No,No,No,No,No,1,West Delhi,Furnished
18920699,1188,2,2,1,Yes,No,No,No,Yes,1,New Delhi,Furnished
39277185,2139,4,4,2,No,No,No,No,Yes,3,South Delhi,Unfurnished
13808577,870,2,2,1,Yes,Yes,No,No,No,1,Central Area,Furnished
3927882,505,1,1,2,Yes,No,No,No,No,1,East Delhi,Unfurnished
31209991,1746,4,4,2,Yes,No,Yes,No,No,1,Central Area,Furnished
6126492,331,1,2,1,Yes,No,Yes,No,Yes,1,South Delhi,Furnished
4130538,250,1,2,3,No,No,No,No,No,1,New Delhi,Semi-Furnsihed
7352440,854,2,3,1,No,No,No,No,No,2,East Delhi,Unfurnished
10177905,674,2,2,2,No,No,No,No,Yes,1,Central Area,Unfurnished
5035589,415,1,1,3,Yes,No,No,No,Yes,1,West Delhi,Unfurnished
10951435,1083,3,4,1,No,No,No,No,Yes,1,North Delhi,Unfurnished
17557248,1009,2,2,2,Yes,No,Yes,Yes,No,1,Central Area,Semi-Furnsihed
5680332,574,2,2,1,No,Yes,No,No,No,0,North Delhi,Unfurnished
5970808,359,1,2,1,No,No,No,No,Yes,1,New Delhi,Semi-Furnsihed
14021927,1220,3,4,1,No,No,No,No,Yes,1,West Delhi,Unfurnished
11780954,1126,3,3,1,No,No,No,No,No,1,West Delhi,Unfurnished
13924392,950,3,3,3,No,No,No,Yes,Yes,1,New Delhi,Semi-Furnsihed
40160823,2307,5,6,2,Yes,No,No,Yes,No,4,South Delhi,Furnished
4096254,371,1,1,1,Yes,No,Yes,No,No,0,North Delhi,Furnished
4346745,250,1,2,2,Yes,No,Yes,No,Yes,0,Central Area,Unfurnished
10569224,588,2,3,3,Yes,Yes,No,No,No,0,Central Area,Furnished
22006565,1172,2,3,1,Yes,Yes,No,Yes,No,1,South Delhi,Semi-Furnsihed
10547400,953,3,3,4,No,No,No,No,Yes,1,West Delhi,Furnished
7880723,747,2,2,1,No,No,No,No,No,1,West Delhi,Unfurnished
29358949,1411,4,5,2,Yes,No,No,Yes,Yes,3,South Delhi,Furnished
5555812,374,1,2,1,Yes,Yes,No,No,No,1,New Delhi,Unfurnished
27567587,1549,3,4,1,Yes,Yes,No,No,Yes,2,Central Area,Furnished
8554136,815,2,2,1,No,Yes,No,No,No,1,West Delhi,Unfurnished
34339763,1870,3,3,1,Yes,No,No,No,No,2,South Delhi,Unfurnished
11283105,995,3,4,1,Yes,No,No,No,No,1,West Delhi,Furnished
20164132,1228,3,4,1,Yes,No,No,Yes,No,2,New Delhi,Semi-Furnsihed
7751580,899,2,3,1,No,No,No,No,No,1,East Delhi,Semi-Furnsihed
27719901,1468,4,5,3,Yes,No,No,No,Yes,2,South Delhi,Furnished
19664409,1321,3,3,1,No,No,No,No,No,2,New Delhi,Unfurnished
37246420,1997,3,4,1,No,Yes,No,No,Yes,3,South Delhi,Semi-Furnsihed
5789362,768,2,3,1,Yes,No,No,No,No,1,East Delhi,Semi-Furnsihed
11215880,1083,2,2,1,No,No,Yes,No,No,1,North Delhi,Furnished
14611175,859,1,2,2,Yes,No,No,No,Yes,1,Central Area,Semi-Furnsihed
16723766,1462,3,3,2,Yes,No,No,No,Yes,2,West Delhi,Unfurnished
5607209,529,2,2,1,No,Yes,No,No,No,1,North Delhi,Semi-Furnsihed
17443383,1615,4,5,1,No,No,No,Yes,No,2,West Delhi,Unfurnished
15817267,979,3,3,2,Yes,No,No,No,Yes,1,New Delhi,Unfurnished
4534389,256,1,1,1,No,Yes,No,No,Yes,1,Central Area,Furnished
25373368,1276,3,3,2,Yes,No,No,No,No,2,South Delhi,Furnished
3295499,461,2,2,1,No,No,No,No,No,1,East Delhi,Unfurnished
6388220,994,2,2,2,Yes,No,No,No,Yes,1,East Delhi,Semi-Furnsihed
6783084,572,2,2,1,No,No,No,No,No,1,West Delhi,Furnished
10841601,699,2,3,1,Yes,No,No,No,No,1,Central Area,Furnished
4006215,250,1,1,3,Yes,Yes,Yes,No,No,1,New Delhi,Semi-Furnsihed
6199357,619,2,2,1,No,No,No,No,Yes,1,North Delhi,Unfurnished
2321917,250,1,1,1,No,No,No,No,No,0,East Delhi,Furnished
2214297,250,1,2,1,No,No,No,No,Yes,1,East Delhi,Furnished
11484361,1104,3,3,1,Yes,No,Yes,No,No,1,North Delhi,Unfurnished
13939836,1183,3,4,1,Yes,No,No,No,Yes,1,West Delhi,Unfurnished
27572129,1455,4,5,1,Yes,No,No,No,No,2,South Delhi,Semi-Furnsihed
11612024,619,2,3,1,Yes,Yes,Yes,No,Yes,2,South Delhi,Unfurnished
5989731,683,2,2,1,No,No,No,No,No,2,East Delhi,Semi-Furnsihed
8881033,848,2,3,2,Yes,No,No,No,Yes,2,West Delhi,Unfurnished
9910214,504,2,2,1,No,Yes,No,No,Yes,1,South Delhi,Semi-Furnsihed
37109778,2102,4,5,1,Yes,Yes,No,No,No,1,South Delhi,Furnished
13606485,1222,2,3,1,No,No,No,No,No,2,West Delhi,Unfurnished
20411470,1067,3,3,1,Yes,Yes,No,No,No,2,South Delhi,Semi-Furnsihed
25062877,1216,3,3,1,No,Yes,No,No,Yes,2,South Delhi,Unfurnished
9822223,938,2,2,1,No,Yes,No,No,No,1,West Delhi,Semi-Furnsihed
2650854,250,1,2,1,Yes,No,No,No,No,1,West Delhi,Unfurnished
8759729,744,2,2,1,Yes,No,No,No,Yes,1,West Delhi,Unfurnished
10464815,593,2,2,1,Yes,Yes,No,Yes,No,1,Central Area,Furnished
4714457,424,1,1,1,No,No,No,No,No,1,West Delhi,Unfurnished
12008225,773,2,3,1,Yes,No,No,No,No,1,Central Area,Semi-Furnsihed
26359247,1708,4,5,2,No,No,No,Yes,No,3,Central Area,Unfurnished
11348858,1056,3,4,1,No,No,No,No,No,1,North Delhi,Unfurnished
6789492,607,1,2,1,No,Yes,No,No,No,1,West Delhi,Unfurnished
10521747,1029,3,3,2,Yes,No,No,No,No,1,North Delhi,Unfurnished
16572396,1444,3,3,1,No,No,No,No,Yes,2,West Delhi,Semi-Furnsihed
13722808,1242,3,4,1,No,No,No,No,Yes,2,West Delhi,Furnished
24663377,1235,2,2,1,Yes,No,No,No,Yes,2,South Delhi,Semi-Furnsihed
10655090,676,2,2,1,Yes,No,No,No,Yes,1,New Delhi,Unfurnished
23229902,1214,3,3,1,No,Yes,No,No,No,1,Central Area,Semi-Furnsihed
17000778,1077,2,2,1,No,No,No,No,Yes,2,Central Area,Semi-Furnsihed
8759087,1013,3,3,2,No,No,No,No,No,2,East Delhi,Semi-Furnsihed
19121369,1317,3,4,1,Yes,No,No,No,Yes,1,New Delhi,Semi-Furnsihed
9133582,1067,3,3,3,No,No,No,No,No,1,East Delhi,Furnished
7242875,622,2,2,1,No,No,No,No,No,2,West Delhi,Unfurnished
11611409,1326,3,3,1,No,No,No,No,No,3,North Delhi,Unfurnished
16755510,1098,3,4,1,Yes,No,No,No,No,2,New Delhi,Semi-Furnsihed
19891437,1731,3,3,1,No,Yes,No,No,No,3,West Delhi,Furnished
10378893,655,2,3,1,Yes,Yes,No,No,Yes,1,New Delhi,Furnished
29777334,1681,4,5,2,Yes,Yes,Yes,No,No,2,Central Area,Semi-Furnsihed
9568671,879,2,2,1,No,No,No,No,Yes,1,North Delhi,Unfurnished
9618464,606,2,3,3,Yes,No,No,No,No,1,Central Area,Unfurnished
18084281,909,3,4,2,No,No,Yes,No,No,1,South Delhi,Furnished
8296369,713,2,3,1,No,No,Yes,No,Yes,1,West Delhi,Unfurnished
27499279,1454,4,5,1,No,No,No,No,Yes,2,South Delhi,Semi-Furnsihed
6792660,882,2,2,1,No,No,No,No,No,1,East Delhi,Semi-Furnsihed
4257495,499,2,2,1,No,No,No,No,No,1,East Delhi,Unfurnished
5963465,691,2,2,1,No,No,No,No,No,1,East Delhi,Furnished
34412456,2071,4,4,2,No,Yes,Yes,No,No,1,New Delhi,Semi-Furnsihed
39066384,2236,4,5,1,No,No,No,No,Yes,1,South Delhi,Unfurnished
6827043,852,2,2,1,Yes,No,No,No,No,1,East Delhi,Semi-Furnsihed
15577171,1019,2,3,4,Yes,No,Yes,No,No,2,New Delhi,Unfurnished
5389606,742,1,2,1,No,No,No,No,No,1,East Delhi,Unfurnished
6965711,914,3,4,3,No,No,No,No,No,1,East Delhi,Furnished
3834613,390,1,2,1,No,Yes,No,No,No,1,North Delhi,Unfurnished
13725150,784,2,2,1,Yes,No,Yes,No,No,1,Central Area,Semi-Furnsihed
3785358,250,1,1,1,Yes,Yes,No,No,No,0,New Delhi,Semi-Furnsihed
9734886,959,3,3,1,No,No,No,No,Yes,2,North Delhi,Furnished
18668257,1191,3,3,1,Yes,No,No,No,No,2,Central Area,Semi-Furnsihed
16888439,910,2,2,1,Yes,No,No,No,No,1,South Delhi,Furnished
17670566,1518,4,4,1,No,No,No,No,Yes,1,West Delhi,Furnished
2513871,270,1,2,1,Yes,No,No,Yes,No,1,East Delhi,Semi-Furnsihed
3011733,250,1,1,1,Yes,No,No,No,No,1,West Delhi,Semi-Furnsihed
11034152,945,3,3,1,Yes,No,No,No,No,1,West Delhi,Unfurnished
36992738,1828,4,5,1,Yes,No,No,No,Yes,1,South Delhi,Semi-Furnsihed
16183318,1565,4,4,1,Yes,No,No,No,No,2,West Delhi,Unfurnished
4075665,539,2,2,1,Yes,No,No,No,Yes,1,East Delhi,Unfurnished
31038059,1847,3,4,1,No,No,No,No,No,1,South Delhi,Unfurnished
17166250,980,3,4,3,No,No,No,No,Yes,1,New Delhi,Furnished
7060330,730,2,3,1,No,No,No,No,No,1,North Delhi,Unfurnished
10664312,1153,3,3,2,Yes,No,No,No,No,1,North Delhi,Unfurnished
12076416,1127,3,4,1,No,No,No,No,No,2,West Delhi,Unfurnished
2847788,250,1,2,1,Yes,No,No,No,Yes,1,West Delhi,Semi-Furnsihed
28640828,1738,3,3,1,Yes,No,No,Yes,Yes,1,New Delhi,Furnished
25952372,1521,3,4,1,Yes,Yes,No,No,No,2,Central Area,Semi-Furnsihed
5530229,549,2,3,1,No,No,No,No,No,0,North Delhi,Furnished
9974115,958,3,3,2,No,No,No,No,No,2,North Delhi,Unfurnished
10162892,997,2,2,1,No,No,No,No,No,1,North Delhi,Furnished
6394038,791,2,3,1,Yes,Yes,No,Yes,No,1,East Delhi,Unfurnished
11307502,724,2,3,1,Yes,No,No,No,No,1,New Delhi,Unfurnished
10061016,664,1,1,3,Yes,Yes,No,No,No,1,New Delhi,Semi-Furnsihed
7620469,789,2,3,1,No,No,No,No,No,2,North Delhi,Unfurnished
15354395,1348,3,3,1,Yes,No,No,No,No,2,West Delhi,Unfurnished
11279042,1081,3,3,1,Yes,No,No,No,No,1,West Delhi,Unfurnished
6486894,651,2,2,2,Yes,No,No,No,Yes,1,North Delhi,Unfurnished
8018754,970,2,3,4,No,No,No,No,No,1,East Delhi,Unfurnished
4582842,250,1,2,1,Yes,Yes,No,No,No,1,Central Area,Unfurnished
26454386,1574,4,4,3,Yes,No,No,Yes,Yes,2,New Delhi,Furnished
4959005,250,1,1,2,No,Yes,No,No,Yes,1,South Delhi,Semi-Furnsihed
8125133,695,2,2,1,Yes,No,No,No,No,2,West Delhi,Semi-Furnsihed
9341960,528,2,3,1,Yes,No,No,No,Yes,1,South Delhi,Semi-Furnsihed
5585642,352,1,2,1,Yes,No,No,No,Yes,1,New Delhi,Semi-Furnsihed
15041548,1343,2,3,3,No,No,No,No,Yes,2,West Delhi,Unfurnished
11461443,689,2,3,1,No,No,No,No,Yes,1,Central Area,Unfurnished
11374975,997,3,4,2,No,No,No,No,No,1,West Delhi,Semi-Furnsihed
23308724,1171,3,3,1,No,No,No,No,Yes,1,South Delhi,Furnished
27308557,1486,4,4,2,Yes,Yes,No,Yes,Yes,3,South Delhi,Unfurnished
8828938,830,2,2,1,No,No,No,No,No,1,North Delhi,Furnished
5123625,358,1,2,1,Yes,No,No,No,No,1,New Delhi,Semi-Furnsihed
33628645,1797,4,5,2,No,No,No,Yes,No,2,South Delhi,Furnished
12604695,753,1,1,2,Yes,No,No,No,No,2,New Delhi,Semi-Furnsihed
2547821,250,1,2,2,Yes,No,No,No,No,1,North Delhi,Unfurnished
11975669,707,2,2,1,No,No,No,No,No,1,Central Area,Furnished
18764430,1487,3,3,1,No,No,No,No,No,1,West Delhi,Semi-Furnsihed
31173316,1710,4,5,1,Yes,Yes,No,No,Yes,2,South Delhi,Furnished
16966446,990,3,4,1,Yes,No,No,No,Yes,0,South Delhi,Unfurnished
13646688,825,1,2,1,No,No,No,No,No,1,New Delhi,Unfurnished
8262578,713,2,2,1,Yes,No,No,No,Yes,1,West Delhi,Semi-Furnsihed
20299204,1732,3,3,1,Yes,No,No,No,Yes,2,West Delhi,Furnished
8835014,952,3,4,4,No,No,No,No,No,2,North Delhi,Unfurnished
7407904,850,2,2,1,No,No,Yes,No,No,2,East Delhi,Semi-Furnsihed
24654820,1515,3,3,1,Yes,Yes,No,No,No,1,New Delhi,Semi-Furnsihed
16276310,1007,3,4,1,No,No,No,No,Yes,1,Central Area,Furnished
7315506,696,2,2,1,No,No,No,No,No,1,North Delhi,Furnished
13096224,811,2,3,1,Yes,No,No,No,No,1,Central Area,Semi-Furnsihed
16029901,964,2,3,3,No,No,Yes,No,No,2,New Delhi,Furnished
20158519,1177,3,3,2,No,No,No,Yes,Yes,1,South Delhi,Unfurnished
33559643,1636,4,4,3,Yes,No,No,Yes,No,2,South Delhi,Furnished
6366247,718,2,3,4,No,No,No,No,Yes,2,East Delhi,Semi-Furnsihed
10691829,1093,2,3,1,No,No,No,No,No,2,North Delhi,Unfurnished
9296327,815,1,2,1,Yes,No,No,No,Yes,1,West Delhi,Semi-Furnsihed
15457432,1039,3,4,1,Yes,No,No,Yes,No,1,New Delhi,Unfurnished
4638193,250,1,2,1,No,No,No,No,Yes,1,South Delhi,Furnished
32195004,1749,3,4,1,No,No,No,No,Yes,1,South Delhi,Semi-Furnsihed
16938396,1055,2,2,1,Yes,Yes,No,No,No,1,Central Area,Unfurnished
16147895,1274,2,2,1,No,No,No,No,Yes,2,West Delhi,Semi-Furnsihed
2964316,250,1,1,1,Yes,No,No,No,Yes,1,West Delhi,Unfurnished
20178507,1737,4,4,1,No,No,No,No,No,1,West Delhi,Unfurnished
14381918,837,2,2,1,Yes,No,No,No,Yes,1,Central Area,Semi-Furnsihed
8275284,1087,3,3,1,No,Yes,No,No,No,2,East Delhi,Unfurnished
3830440,384,1,2,1,Yes,No,No,No,No,0,North Delhi,Unfurnished
13696239,1110,3,3,1,No,No,No,No,No,0,West Delhi,Furnished
4210802,402,1,1,2,Yes,No,No,No,No,1,West Delhi,Semi-Furnsihed
11931667,688,2,2,1,Yes,No,Yes,Yes,Yes,0,New Delhi,Furnished
33726897,1761,4,4,1,Yes,No,No,No,Yes,3,Central Area,Semi-Furnsihed
14712372,904,2,2,2,Yes,No,No,Yes,Yes,1,New Delhi,Unfurnished
9611698,886,2,2,1,No,No,No,No,No,1,North Delhi,Unfurnished
31402058,1722,4,4,1,No,No,No,No,No,1,South Delhi,Unfurnished
31442520,1497,4,5,2,No,Yes,No,Yes,Yes,1,South Delhi,Furnished
23344213,1290,3,4,1,No,No,No,Yes,Yes,1,South Delhi,Semi-Furnsihed
27545102,1418,4,5,2,No,No,Yes,No,No,1,South Delhi,Unfurnished
18667455,1761,3,4,2,Yes,No,No,No,Yes,2,North Delhi,Unfurnished
9232857,825,2,2,1,Yes,No,No,No,No,1,West Delhi,Unfurnished
19248439,1100,3,4,1,Yes,Yes,No,No,No,1,New Delhi,Furnished
34157789,1830,4,5,1,No,Yes,No,No,Yes,2,South Delhi,Semi-Furnsihed
25131836,1552,4,4,1,No,No,Yes,No,No,1,New Delhi,Furnished
24512501,1593,4,5,2,Yes,No,No,No,Yes,1,New Delhi,Unfurnished
28337760,1583,3,3,1,No,No,No,Yes,No,1,South Delhi,Furnished
6637562,428,1,2,1,Yes,No,No,No,Yes,0,New Delhi,Unfurnished
25666767,1816,4,5,1,No,No,No,No,Yes,2,New Delhi,Semi-Furnsihed
4359103,362,1,1,1,No,No,No,No,No,1,West Delhi,Semi-Furnsihed
10788103,978,2,3,1,Yes,No,No,No,No,2,West Delhi,Unfurnished
13286280,747,2,3,1,Yes,No,No,No,Yes,1,South Delhi,Unfurnished
14054422,967,3,4,2,Yes,No,No,No,Yes,1,New Delhi,Unfurnished
11369434,989,3,3,1,No,No,No,No,No,1,West Delhi,Furnished
19589769,1160,3,4,1,No,No,No,No,Yes,1,New Delhi,Furnished
10298071,968,3,3,3,Yes,No,No,No,No,1,North Delhi,Semi-Furnsihed
17483241,1535,3,3,1,No,No,No,Yes,Yes,1,West Delhi,Furnished
26682696,1472,4,4,2,No,No,Yes,No,No,2,South Delhi,Semi-Furnsihed
20095073,1053,2,3,1,No,No,No,Yes,Yes,1,South Delhi,Unfurnished
13646236,1259,3,4,1,Yes,No,No,No,No,2,West Delhi,Semi-Furnsihed
34557776,1913,3,4,1,Yes,No,No,No,No,2,South Delhi,Unfurnished
3707486,328,1,2,1,Yes,No,No,No,Yes,1,West Delhi,Unfurnished
7783012,909,2,2,1,No,Yes,No,No,No,1,East Delhi,Semi-Furnsihed
14062732,1147,3,3,2,Yes,No,No,No,No,1,West Delhi,Furnished
11797697,851,1,1,1,No,No,No,No,No,1,New Delhi,Unfurnished
13965202,1434,4,4,1,No,No,No,No,No,2,West Delhi,Unfurnished
14065549,924,3,3,2,No,No,No,No,Yes,1,New Delhi,Semi-Furnsihed
11667075,903,2,2,1,No,No,No,No,No,1,West Delhi,Furnished
6022293,639,2,2,2,No,Yes,No,No,No,2,East Delhi,Semi-Furnsihed
18125881,1007,2,2,1,No,No,No,No,Yes,1,New Delhi,Furnished
2548703,316,1,1,2,Yes,Yes,No,No,No,1,East Delhi,Unfurnished
1786146,250,1,1,1,Yes,No,No,No,No,1,East Delhi,Unfurnished
24276013,1617,3,4,2,Yes,No,Yes,No,No,2,Central Area,Furnished
12219351,691,2,3,3,No,No,No,No,Yes,1,South Delhi,Unfurnished
11531165,605,1,2,1,Yes,Yes,No,No,Yes,2,South Delhi,Semi-Furnsihed
5096638,250,1,1,1,Yes,No,No,No,Yes,0,South Delhi,Semi-Furnsihed
15452780,816,2,2,1,Yes,No,No,No,No,1,South Delhi,Unfurnished
3392080,287,1,2,1,No,No,No,Yes,No,1,West Delhi,Furnished
37974747,2185,3,3,1,Yes,Yes,No,No,No,3,South Delhi,Unfurnished
22072850,1354,2,2,1,Yes,No,No,No,Yes,1,Central Area,Furnished
5479495,524,2,2,1,No,No,No,No,No,1,North Delhi,Semi-Furnsihed
48795200,2551,4,4,2,Yes,No,No,No,Yes,2,South Delhi,Unfurnished
12200273,1192,2,2,1,Yes,No,No,No,No,1,North Delhi,Unfurnished
12228052,753,2,2,1,Yes,No,Yes,No,Yes,1,Central Area,Semi-Furnsihed
4815951,250,1,2,1,No,No,No,No,No,1,South Delhi,Semi-Furnsihed
20565448,1823,3,3,1,No,No,No,Yes,No,2,West Delhi,Unfurnished
2665980,259,1,1,1,Yes,No,No,No,No,0,West Delhi,Unfurnished
2525293,250,1,2,1,Yes,No,No,No,No,1,North Delhi,Furnished
12589435,1209,3,3,1,No,No,No,No,No,2,North Delhi,Unfurnished
18025257,1775,3,3,1,No,No,Yes,No,No,2,North Delhi,Unfurnished
28864345,1522,4,5,2,Yes,Yes,Yes,No,No,3,Central Area,Semi-Furnsihed
29959325,1538,4,4,2,Yes,No,No,No,Yes,2,South Delhi,Semi-Furnsihed
10369235,1037,3,3,1,Yes,No,Yes,No,No,2,North Delhi,Unfurnished
11403013,1141,3,3,1,No,No,No,Yes,No,2,North Delhi,Unfurnished
7749359,965,3,3,1,No,No,No,No,No,1,East Delhi,Unfurnished
16679725,1140,3,3,2,Yes,No,No,No,Yes,1,New Delhi,Unfurnished
15810919,1052,2,3,3,No,No,No,Yes,No,1,New Delhi,Furnished
8065725,774,2,2,1,No,No,No,No,No,1,North Delhi,Unfurnished
9818945,623,2,2,1,Yes,No,No,No,No,1,New Delhi,Unfurnished
4982179,601,2,2,2,Yes,No,No,No,No,1,East Delhi,Unfurnished
2727298,250,1,1,1,No,No,No,No,No,1,North Delhi,Unfurnished
14484395,950,3,4,1,Yes,No,No,No,Yes,1,New Delhi,Semi-Furnsihed
4445843,404,1,1,1,No,No,No,No,No,0,North Delhi,Unfurnished
3386482,358,1,1,1,No,No,No,No,No,1,North Delhi,Unfurnished
23422326,1307,3,3,3,Yes,No,No,No,No,1,South Delhi,Furnished
8493246,1187,2,2,4,No,No,No,No,No,2,East Delhi,Unfurnished
22377387,1459,3,3,2,Yes,No,No,No,Yes,1,New Delhi,Semi-Furnsihed
2547118,250,1,2,1,No,Yes,No,No,No,1,North Delhi,Semi-Furnsihed
7493225,454,2,2,2,Yes,No,No,No,No,0,Central Area,Unfurnished
8603036,1029,3,3,1,No,No,No,No,No,1,East Delhi,Semi-Furnsihed
7074573,508,2,2,1,Yes,No,No,No,No,0,New Delhi,Unfurnished
19841383,1065,3,4,2,Yes,No,No,Yes,No,1,South Delhi,Furnished
7395572,892,2,2,1,No,No,No,No,No,2,East Delhi,Furnished
10441534,618,2,3,1,Yes,No,No,No,Yes,1,South Delhi,Semi-Furnsihed
15418130,947,2,3,1,Yes,No,No,Yes,Yes,2,Central Area,Furnished
1907502,250,1,2,2,No,No,No,No,No,1,East Delhi,Unfurnished
4463475,489,1,1,1,No,No,No,No,Yes,1,East Delhi,Semi-Furnsihed
11514011,985,3,3,1,Yes,No,No,No,Yes,2,West Delhi,Semi-Furnsihed
3184172,250,1,2,1,No,No,Yes,No,Yes,1,West Delhi,Furnished
17653768,1220,3,4,2,Yes,No,No,No,No,2,New Delhi,Furnished
15583033,891,1,2,2,Yes,No,No,No,Yes,2,Central Area,Unfurnished
21619735,1148,3,3,1,Yes,No,Yes,No,No,2,Central Area,Furnished
9331605,945,3,3,1,Yes,No,No,No,Yes,2,West Delhi,Unfurnished
13138426,1345,3,3,1,No,No,No,Yes,Yes,3,North Delhi,Unfurnished
8752840,850,2,3,3,No,No,No,No,No,1,North Delhi,Unfurnished
6522806,628,2,2,1,Yes,No,No,No,No,2,North Delhi,Unfurnished
23300049,1273,2,2,3,Yes,No,No,No,No,2,South Delhi,Furnished
20235241,1271,3,4,1,Yes,No,No,No,Yes,3,New Delhi,Furnished
21755666,1229,3,3,2,No,No,No,Yes,Yes,2,South Delhi,Unfurnished
9600183,867,1,2,2,No,No,No,No,No,1,West Delhi,Unfurnished
10962246,649,2,2,1,No,No,No,Yes,Yes,1,New Delhi,Semi-Furnsihed
3563163,467,2,2,3,No,No,No,No,No,1,East Delhi,Unfurnished
4978184,298,1,1,1,Yes,No,No,No,Yes,0,New Delhi,Semi-Furnsihed
42550679,2249,5,6,1,No,Yes,No,No,Yes,3,South Delhi,Furnished
8051975,453,2,2,1,No,Yes,No,No,Yes,1,South Delhi,Unfurnished
5585912,522,2,2,2,No,Yes,No,Yes,No,0,North Delhi,Unfurnished
6315012,544,2,3,1,No,No,No,No,No,1,West Delhi,Unfurnished
33501177,1736,4,4,1,No,Yes,No,No,No,2,South Delhi,Unfurnished
17977870,1023,3,3,1,Yes,No,No,No,No,1,South Delhi,Furnished
15502246,1380,2,2,1,No,No,No,Yes,Yes,1,West Delhi,Semi-Furnsihed
15016618,795,2,2,1,No,No,No,No,No,2,South Delhi,Unfurnished
9132707,911,3,4,1,No,No,No,No,No,1,North Delhi,Unfurnished
5083933,494,2,2,2,No,No,No,Yes,No,1,West Delhi,Unfurnished
49731982,2487,4,4,1,Yes,Yes,No,No,No,2,South Delhi,Furnished
9071311,487,2,2,1,Yes,No,No,No,Yes,0,South Delhi,Furnished
7159989,808,2,3,1,No,No,No,No,No,1,East Delhi,Unfurnished
22661138,1316,3,3,1,Yes,No,No,No,Yes,1,New Delhi,Semi-Furnsihed
20088104,1206,3,3,2,No,Yes,Yes,No,Yes,1,New Delhi,Unfurnished
7998879,725,2,2,3,No,Yes,No,No,No,1,North Delhi,Unfurnished
5252339,654,2,2,1,No,No,No,No,No,2,East Delhi,Unfurnished
6162179,715,2,2,2,Yes,No,No,Yes,No,1,East Delhi,Semi-Furnsihed
8066994,741,2,2,2,No,No,No,No,No,1,North Delhi,Unfurnished
23915047,1481,3,4,2,No,No,Yes,No,No,2,New Delhi,Semi-Furnsihed
47458139,2526,4,4,1,Yes,No,No,No,No,3,South Delhi,Furnished
5490651,577,1,2,3,Yes,No,No,No,No,1,North Delhi,Furnished
3070221,267,1,2,1,No,No,No,No,Yes,1,West Delhi,Semi-Furnsihed
15333387,955,2,2,1,Yes,No,No,No,Yes,1,New Delhi,Unfurnished
13949449,1602,4,4,1,No,No,No,No,No,2,East Delhi,Semi-Furnsihed
14376241,717,2,2,1,No,No,No,No,Yes,1,South Delhi,Furnished
27465352,1819,4,5,1,Yes,Yes,No,No,Yes,1,New Delhi,Unfurnished
38596923,2206,4,4,1,Yes,Yes,No,Yes,Yes,2,South Delhi,Furnished
10733219,723,2,2,1,No,No,No,No,Yes,1,New Delhi,Unfurnished
30031535,1541,3,3,2,No,Yes,No,No,Yes,3,South Delhi,Furnished
41572415,2177,3,4,2,No,No,No,No,Yes,3,South Delhi,Furnished
18145336,972,2,3,1,Yes,No,No,No,No,1,South Delhi,Unfurnished
9956524,763,2,2,2,Yes,No,No,No,No,1,West Delhi,Furnished
5712025,567,2,3,2,No,No,No,Yes,No,1,North Delhi,Unfurnished
4767841,418,1,1,2,No,No,No,No,Yes,1,West Delhi,Semi-Furnsihed
3940307,472,2,2,1,No,No,No,No,No,1,East Delhi,Furnished
6215241,388,1,2,1,Yes,No,No,No,No,1,New Delhi,Furnished
15493379,915,3,3,3,Yes,No,Yes,No,Yes,2,Central Area,Furnished
5252812,492,2,2,1,No,No,No,No,No,1,North Delhi,Furnished
16845243,1005,2,2,1,Yes,No,No,No,Yes,2,Central Area,Unfurnished
2025162,250,1,2,1,Yes,No,No,No,No,1,East Delhi,Unfurnished
27954226,1398,3,4,1,No,No,No,No,Yes,1,South Delhi,Furnished
8378355,991,3,4,1,Yes,No,No,No,No,1,East Delhi,Semi-Furnsihed
4102020,250,1,2,1,No,Yes,No,No,No,1,South Delhi,Unfurnished
6893729,830,2,2,1,No,No,No,No,No,1,East Delhi,Unfurnished
24395865,1613,4,4,2,No,No,Yes,Yes,Yes,1,New Delhi,Unfurnished
2062823,276,1,1,2,No,No,No,No,No,1,East Delhi,Unfurnished
39247819,2203,4,4,1,Yes,No,No,Yes,No,2,South Delhi,Furnished
12554895,1028,3,3,3,No,No,Yes,No,Yes,2,West Delhi,Semi-Furnsihed
3575603,453,2,3,1,No,No,No,No,No,1,East Delhi,Unfurnished
13501872,972,3,3,1,Yes,No,No,No,No,2,New Delhi,Semi-Furnsihed
12545953,1087,3,3,2,No,No,No,No,Yes,2,West Delhi,Unfurnished
9312492,882,1,1,2,No,No,No,No,Yes,1,West Delhi,Semi-Furnsihed
19970155,1269,2,2,3,No,Yes,No,No,Yes,2,New Delhi,Unfurnished
5212295,458,2,3,1,No,Yes,No,No,No,1,West Delhi,Unfurnished
11209174,921,3,3,2,No,No,No,No,Yes,1,West Delhi,Semi-Furnsihed
2213802,250,1,1,1,Yes,No,No,No,No,1,East Delhi,Unfurnished
20244527,1133,2,3,2,Yes,Yes,No,No,No,1,South Delhi,Furnished
8671687,493,2,2,2,No,Yes,No,No,Yes,0,Central Area,Furnished
3581694,442,1,1,1,No,No,No,No,No,1,East Delhi,Semi-Furnsihed
9570433,1132,2,2,1,No,No,No,No,No,2,East Delhi,Semi-Furnsihed
25381048,1545,3,3,2,Yes,Yes,No,No,No,3,New Delhi,Furnished
11930190,1108,3,4,1,Yes,No,No,No,No,1,West Delhi,Unfurnished
6676886,408,1,2,1,No,No,No,No,Yes,1,Central Area,Semi-Furnsihed
11872466,757,2,2,2,Yes,No,No,No,Yes,2,Central Area,Semi-Furnsihed
27589905,1606,3,4,1,No,No,No,No,Yes,2,New Delhi,Furnished
18006199,1070,3,3,2,No,No,Yes,No,No,1,New Delhi,Furnished
21722439,1835,3,3,1,Yes,Yes,No,No,No,2,West Delhi,Unfurnished
27164237,1435,3,3,1,Yes,Yes,No,No,Yes,3,South Delhi,Semi-Furnsihed
6012063,767,2,2,2,No,No,No,No,Yes,1,East Delhi,Unfurnished
4422104,591,2,2,1,No,No,No,No,No,1,East Delhi,Unfurnished
10800618,906,3,4,1,No,No,Yes,No,No,1,West Delhi,Semi-Furnsihed
13760118,923,2,3,2,Yes,No,No,No,No,1,New Delhi,Furnished
21649605,1218,3,3,1,No,No,No,No,No,2,Central Area,Unfurnished
10892620,1182,3,3,1,No,No,No,No,No,0,North Delhi,Unfurnished
5873177,515,2,2,1,Yes,Yes,No,No,No,1,West Delhi,Unfurnished
8215595,401,1,1,2,Yes,Yes,No,No,Yes,1,South Delhi,Unfurnished
2071891,250,1,1,2,No,No,No,No,No,1,East Delhi,Unfurnished
10439792,1003,3,3,2,No,No,No,No,No,1,North Delhi,Semi-Furnsihed
2358495,313,1,2,1,No,No,No,No,No,0,East Delhi,Unfurnished
2408747,250,1,1,2,No,Yes,Yes,No,No,0,North Delhi,Unfurnished
12271908,1015,3,3,1,No,No,Yes,No,Yes,1,West Delhi,Unfurnished
39717370,2246,4,4,2,Yes,Yes,No,No,No,1,New Delhi,Furnished
5703895,697,1,1,1,No,No,No,No,Yes,2,East Delhi,Semi-Furnsihed
11208757,1135,2,2,2,No,No,No,No,No,1,North Delhi,Furnished
20722416,1249,2,3,2,No,No,No,Yes,Yes,1,South Delhi,Furnished
20092707,1140,3,3,1,No,Yes,No,No,Yes,1,South Delhi,Unfurnished
23500701,1459,4,5,2,No,Yes,No,Yes,No,1,New Delhi,Furnished
7709880,683,2,2,2,Yes,No,No,No,No,2,North Delhi,Semi-Furnsihed
6934193,793,1,1,1,No,No,No,No,Yes,2,East Delhi,Semi-Furnsihed
26824952,1393,3,3,3,Yes,Yes,No,No,No,2,South Delhi,Semi-Furnsihed
6076531,566,2,3,1,No,No,No,No,No,0,West Delhi,Unfurnished
23413198,1496,4,4,2,No,No,No,No,Yes,1,New Delhi,Furnished
5866533,638,2,3,1,Yes,No,No,No,No,1,East Delhi,Furnished
5336179,497,2,2,1,Yes,No,Yes,No,No,1,North Delhi,Semi-Furnsihed
8860778,1014,3,4,3,No,No,No,Yes,No,1,North Delhi,Unfurnished
8391594,550,1,1,1,Yes,No,No,No,No,1,New Delhi,Furnished
14715328,1014,3,4,2,Yes,No,No,No,Yes,1,New Delhi,Unfurnished
14988038,895,2,2,1,Yes,No,Yes,No,Yes,1,Central Area,Semi-Furnsihed
37605199,1851,3,4,1,Yes,No,Yes,Yes,No,2,South Delhi,Furnished
9826242,989,2,2,1,Yes,No,No,No,No,1,North Delhi,Unfurnished
8416025,789,2,2,1,Yes,Yes,No,Yes,Yes,2,North Delhi,Semi-Furnsihed
8509641,986,3,3,3,No,No,No,No,No,1,East Delhi,Unfurnished
9364264,1186,3,4,1,No,No,No,No,No,1,East Delhi,Semi-Furnsihed
13294414,1087,2,2,1,No,No,No,No,No,1,West Delhi,Unfurnished
8027894,804,2,3,1,No,Yes,No,No,Yes,2,North Delhi,Unfurnished
2010704,250,1,1,1,No,No,No,No,No,0,East Delhi,Unfurnished
3852620,373,1,1,1,No,No,No,No,Yes,1,North Delhi,Semi-Furnsihed
13279605,762,2,2,2,Yes,No,No,No,Yes,2,Central Area,Furnished
11244669,695,2,3,1,Yes,Yes,No,No,No,2,New Delhi,Semi-Furnsihed
20476811,1087,3,4,1,Yes,No,No,No,Yes,1,South Delhi,Unfurnished
5601926,719,2,3,1,Yes,No,No,No,Yes,1,East Delhi,Unfurnished
11689990,1075,3,3,4,No,No,No,No,No,1,West Delhi,Furnished
17270919,868,2,3,1,Yes,Yes,No,Yes,No,1,Central Area,Furnished
11278682,1056,2,3,1,No,No,No,No,No,1,West Delhi,Unfurnished
10867918,877,2,2,1,No,Yes,No,No,No,1,West Delhi,Furnished
3736677,250,1,2,1,No,Yes,No,No,Yes,1,New Delhi,Furnished
12289235,636,2,3,1,Yes,No,Yes,No,No,1,South Delhi,Furnished
8601846,788,2,3,1,No,No,No,No,No,1,West Delhi,Unfurnished
6214947,395,1,2,2,Yes,No,No,No,Yes,1,New Delhi,Unfurnished
8866679,1039,2,2,1,No,Yes,No,No,No,1,North Delhi,Unfurnished
27541082,1765,3,3,2,Yes,No,No,No,No,2,New Delhi,Semi-Furnsihed
12466249,1287,2,3,1,Yes,Yes,No,No,Yes,1,North Delhi,Unfurnished
8681707,759,2,2,1,Yes,No,No,No,Yes,1,West Delhi,Unfurnished
16216581,1483,4,5,1,Yes,No,No,No,No,1,West Delhi,Furnished
8149084,859,1,2,1,No,No,No,No,No,2,North Delhi,Unfurnished
12628165,831,2,3,2,Yes,No,No,No,No,2,New Delhi,Semi-Furnsihed
14854369,831,2,3,1,Yes,No,No,No,No,2,South Delhi,Furnished
18885270,1018,2,2,1,Yes,No,Yes,No,No,0,South Delhi,Semi-Furnsihed
6337612,644,2,2,1,No,No,No,No,No,1,North Delhi,Furnished
9026479,922,3,3,4,Yes,No,No,No,No,1,West Delhi,Unfurnished
11482065,918,2,2,1,Yes,Yes,No,No,Yes,0,West Delhi,Semi-Furnsihed
14805757,901,2,2,3,Yes,No,Yes,No,Yes,1,Central Area,Furnished
28147820,1462,4,4,1,Yes,No,No,No,Yes,2,South Delhi,Furnished
37088566,1914,4,5,1,No,No,Yes,No,No,1,South Delhi,Unfurnished
21933042,1474,4,5,1,No,No,No,No,No,2,New Delhi,Semi-Furnsihed
2613848,250,1,1,1,Yes,No,No,No,No,1,West Delhi,Unfurnished
3993229,250,1,1,1,No,No,No,No,Yes,1,New Delhi,Semi-Furnsihed
25162530,1467,4,5,1,Yes,Yes,No,No,Yes,2,New Delhi,Semi-Furnsihed
2010688,250,1,1,3,No,No,No,No,Yes,1,East Delhi,Furnished
13448840,887,1,1,2,No,No,No,No,Yes,1,New Delhi,Unfurnished
6016308,414,1,1,2,No,Yes,No,No,No,0,New Delhi,Furnished
2587481,250,1,1,1,Yes,No,No,No,No,1,North Delhi,Furnished
19089096,1270,2,2,1,Yes,No,No,No,No,2,New Delhi,Unfurnished
12849816,1172,3,4,1,No,No,No,No,Yes,2,West Delhi,Semi-Furnsihed
5700002,569,2,2,2,No,No,No,No,No,1,North Delhi,Semi-Furnsihed
1831013,250,1,1,3,Yes,No,No,No,No,1,East Delhi,Unfurnished
16566480,872,1,1,1,Yes,No,No,No,Yes,1,South Delhi,Semi-Furnsihed
7262538,837,2,2,1,No,No,No,No,Yes,1,East Delhi,Unfurnished
3827618,260,1,2,1,No,Yes,No,No,No,1,New Delhi,Semi-Furnsihed
15890320,982,3,4,1,Yes,No,No,No,Yes,1,Central Area,Semi-Furnsihed
15328673,992,3,4,1,Yes,No,No,No,No,1,New Delhi,Unfurnished
8212201,902,3,3,1,Yes,No,Yes,No,No,1,East Delhi,Semi-Furnsihed
15329551,1059,2,3,2,Yes,No,No,No,No,1,New Delhi,Furnished
7536655,462,2,3,1,Yes,No,No,No,No,1,Central Area,Semi-Furnsihed
15960468,1358,2,3,1,Yes,No,No,No,Yes,1,West Delhi,Semi-Furnsihed
13166877,828,2,2,4,Yes,No,No,No,No,1,Central Area,Unfurnished
18129551,1183,3,3,1,Yes,No,No,No,No,1,South Delhi,Unfurnished
12829901,640,2,2,1,No,No,No,Yes,Yes,1,South Delhi,Furnished
19834165,934,3,4,1,Yes,No,No,No,Yes,2,South Delhi,Furnished
13110945,669,2,2,1,Yes,No,No,Yes,Yes,2,South Delhi,Furnished
19617950,1096,2,2,1,No,No,No,No,No,1,South Delhi,Furnished
18178137,1577,4,5,2,No,No,No,No,Yes,1,West Delhi,Furnished
5243703,282,1,2,1,Yes,No,No,No,Yes,1,Central Area,Semi-Furnsihed
4073384,250,1,2,1,No,No,Yes,Yes,No,1,New Delhi,Unfurnished
10084956,1214,3,3,1,No,No,No,No,No,2,East Delhi,Unfurnished
14970860,895,1,2,1,Yes,No,Yes,No,No,1,New Delhi,Furnished
6147516,565,2,2,2,No,No,No,No,No,0,West Delhi,Semi-Furnsihed
34393431,1823,4,4,3,Yes,No,Yes,No,No,2,South Delhi,Semi-Furnsihed
10184799,627,2,2,1,Yes,No,No,No,Yes,1,Central Area,Unfurnished
43525618,2295,5,5,2,No,No,No,No,Yes,3,South Delhi,Unfurnished
32155693,1606,4,4,2,Yes,No,No,Yes,Yes,1,South Delhi,Unfurnished
11958353,680,2,3,4,Yes,No,No,Yes,No,1,Central Area,Semi-Furnsihed
44009883,2494,5,5,2,Yes,Yes,No,No,Yes,1,South Delhi,Semi-Furnsihed
16165255,836,2,3,4,Yes,No,No,No,No,1,South Delhi,Furnished
34127093,1645,4,4,2,Yes,Yes,Yes,Yes,Yes,2,South Delhi,Semi-Furnsihed
18947461,1149,3,3,1,No,No,No,No,No,1,New Delhi,Furnished
24019830,1485,3,3,1,Yes,No,No,No,Yes,2,Central Area,Semi-Furnsihed
32955644,1780,4,4,3,Yes,No,No,No,Yes,2,New Delhi,Semi-Furnsihed
15214899,1016,3,3,2,Yes,Yes,No,No,No,1,New Delhi,Furnished
5882610,529,2,2,1,Yes,No,No,No,Yes,1,West Delhi,Furnished
30581067,1475,4,4,2,Yes,Yes,Yes,No,Yes,2,South Delhi,Furnished
6307639,528,2,2,1,No,No,No,No,No,1,North Delhi,Furnished
19260529,1705,3,3,1,Yes,No,No,No,Yes,2,West Delhi,Furnished
24532679,1281,3,4,1,No,No,No,No,Yes,2,South Delhi,Furnished
7160646,653,2,2,1,No,No,No,No,No,1,North Delhi,Semi-Furnsihed
6288613,764,2,3,2,No,No,No,No,No,1,East Delhi,Semi-Furnsihed
7175330,391,1,2,1,No,Yes,No,No,Yes,0,South Delhi,Unfurnished
8101442,462,1,2,2,Yes,No,No,No,No,0,Central Area,Furnished
14065648,1280,2,3,1,No,No,No,No,Yes,1,North Delhi,Furnished
5702007,537,2,2,1,No,No,No,No,No,1,North Delhi,Unfurnished
7599998,428,1,2,1,Yes,No,Yes,No,No,1,Central Area,Unfurnished
20119040,1141,3,4,1,Yes,No,Yes,No,Yes,1,Central Area,Semi-Furnsihed
26270992,1592,3,3,1,No,No,No,Yes,Yes,3,New Delhi,Furnished
21691611,1359,3,3,1,Yes,No,No,No,Yes,2,New Delhi,Semi-Furnsihed
14702237,1273,2,2,1,Yes,Yes,No,No,No,3,West Delhi,Unfurnished
9532752,621,2,3,1,Yes,No,No,No,Yes,1,New Delhi,Unfurnished
4554185,289,1,2,1,Yes,No,No,No,Yes,1,New Delhi,Semi-Furnsihed
15005167,1400,4,4,1,Yes,No,No,No,No,1,North Delhi,Unfurnished
19755230,1006,3,3,2,Yes,No,No,No,No,1,South Delhi,Unfurnished
12273187,787,1,1,3,Yes,Yes,No,Yes,Yes,0,Central Area,Semi-Furnsihed
16350858,1414,4,4,1,No,No,No,No,Yes,2,West Delhi,Semi-Furnsihed
6856467,894,1,2,1,No,No,No,No,No,1,East Delhi,Unfurnished
18422826,1227,3,3,1,No,No,No,No,Yes,2,New Delhi,Unfurnished
34581355,2082,4,4,3,Yes,Yes,No,Yes,No,1,New Delhi,Furnished
15221794,813,1,1,1,No,No,No,No,No,2,South Delhi,Unfurnished
23105205,1463,3,4,1,Yes,No,No,No,No,1,New Delhi,Furnished
14340456,1028,3,3,1,Yes,No,No,No,Yes,1,New Delhi,Semi-Furnsihed
15682528,1020,3,4,1,Yes,No,No,No,Yes,1,Central Area,Unfurnished
28363305,1587,4,4,1,Yes,No,No,Yes,No,2,Central Area,Furnished
16499275,1253,2,2,2,Yes,Yes,No,No,No,1,New Delhi,Semi-Furnsihed
32365508,1522,4,4,1,Yes,Yes,No,Yes,Yes,2,South Delhi,Furnished
23487632,1382,3,3,1,Yes,No,No,No,No,1,Central Area,Semi-Furnsihed
13993396,735,2,2,1,Yes,Yes,No,No,Yes,1,Central Area,Furnished
8670069,522,2,3,1,No,No,No,Yes,Yes,1,Central Area,Semi-Furnsihed
9309469,573,2,3,3,No,No,No,Yes,No,0,South Delhi,Semi-Furnsihed
2051644,250,1,2,1,No,No,No,No,No,1,East Delhi,Unfurnished
20810560,1723,4,4,2,No,Yes,No,No,No,3,West Delhi,Unfurnished
4688942,381,1,2,1,No,No,No,No,No,0,West Delhi,Furnished
6827296,711,2,2,1,No,No,No,No,No,1,North Delhi,Unfurnished
14036388,861,2,2,3,Yes,No,No,Yes,Yes,1,New Delhi,Furnished
26073742,1384,3,3,1,Yes,No,No,No,Yes,2,South Delhi,Furnished
22347960,1407,3,3,2,Yes,Yes,Yes,No,No,2,New Delhi,Furnished
14413749,1215,3,4,1,No,No,No,No,Yes,2,West Delhi,Unfurnished
5253318,566,2,2,2,Yes,No,No,No,No,1,North Delhi,Unfurnished
14340172,916,3,3,1,Yes,Yes,No,No,Yes,1,New Delhi,Furnished
24878062,1369,2,3,1,No,No,No,No,Yes,2,South Delhi,Furnished
12169497,788,2,2,2,Yes,No,No,No,No,1,Central Area,Furnished
28663085,1803,4,4,3,Yes,Yes,No,No,No,2,New Delhi,Semi-Furnsihed
12449054,1058,2,2,3,Yes,No,No,No,No,2,West Delhi,Unfurnished
13019421,1162,3,4,2,No,No,No,No,No,1,West Delhi,Semi-Furnsihed
18524490,1331,2,3,2,No,No,No,No,Yes,1,New Delhi,Unfurnished
9607348,1110,2,2,1,No,No,No,No,No,1,East Delhi,Semi-Furnsihed
11440558,926,2,2,1,Yes,Yes,No,No,No,1,West Delhi,Unfurnished
5005755,316,1,1,1,Yes,No,No,Yes,No,0,Central Area,Semi-Furnsihed
26690408,1439,3,4,1,No,No,Yes,No,No,3,South Delhi,Semi-Furnsihed
15312794,809,2,2,1,No,No,No,Yes,Yes,1,South Delhi,Unfurnished
12092292,662,2,2,1,Yes,Yes,No,Yes,Yes,1,Central Area,Unfurnished
29243472,1551,4,4,1,No,Yes,No,No,No,2,South Delhi,Furnished
23189876,1457,4,4,2,Yes,No,No,No,Yes,1,Central Area,Furnished
15396901,909,3,3,1,No,Yes,No,Yes,No,2,Central Area,Unfurnished
27692761,1385,3,4,1,No,No,No,No,No,3,South Delhi,Furnished
10985640,1295,3,3,1,No,No,No,No,No,2,East Delhi,Furnished
24564980,1344,3,3,2,Yes,No,No,No,Yes,1,South Delhi,Semi-Furnsihed
37655115,2300,4,5,2,Yes,No,Yes,No,No,1,New Delhi,Unfurnished
19839248,1282,3,4,1,No,No,No,Yes,No,2,New Delhi,Unfurnished
1907788,250,1,1,1,No,No,No,No,No,1,East Delhi,Unfurnished
30718301,1652,4,4,2,Yes,No,No,No,No,2,South Delhi,Semi-Furnsihed
17734190,1190,3,3,1,No,No,No,No,Yes,2,New Delhi,Furnished
9586941,1151,3,4,1,No,No,No,No,No,1,East Delhi,Unfurnished
10521803,1069,3,3,1,No,No,No,No,No,2,North Delhi,Unfurnished
7680229,744,2,3,1,No,No,No,No,No,1,North Delhi,Furnished
5907365,349,1,2,1,No,No,No,No,No,1,Central Area,Furnished
20952309,1074,3,3,3,Yes,No,No,No,Yes,2,South Delhi,Furnished
5769364,488,2,2,3,Yes,No,No,No,Yes,1,West Delhi,Unfurnished
4190901,496,2,2,1,No,Yes,No,No,No,1,East Delhi,Unfurnished
11986447,1100,3,3,1,Yes,No,No,No,No,1,West Delhi,Unfurnished
17934769,1559,3,3,1,No,No,No,Yes,No,1,West Delhi,Unfurnished
19079212,1077,3,4,1,No,No,No,No,Yes,2,Central Area,Furnished
3127837,321,1,2,3,No,No,No,No,No,1,North Delhi,Unfurnished
17817664,1100,3,3,1,Yes,No,No,No,Yes,2,Central Area,Unfurnished
24171584,1438,3,4,2,Yes,No,No,No,No,3,Central Area,Furnished
10955862,695,1,1,1,Yes,No,No,No,Yes,1,New Delhi,Unfurnished
14782319,932,2,2,4,Yes,Yes,No,No,No,1,New Delhi,Furnished
14439566,906,3,3,1,No,Yes,No,No,No,1,Central Area,Unfurnished
14965483,729,2,3,2,Yes,No,No,No,Yes,1,South Delhi,Unfurnished
13072754,1125,3,4,1,No,No,No,No,No,2,West Delhi,Unfurnished
13555893,845,2,3,1,Yes,No,No,No,Yes,1,Central Area,Semi-Furnsihed
12645036,1028,3,3,1,Yes,No,No,No,Yes,1,West Delhi,Furnished
12957134,667,2,2,1,No,Yes,No,No,Yes,1,South Delhi,Semi-Furnsihed
12596927,781,2,2,3,Yes,No,No,No,Yes,1,New Delhi,Semi-Furnsihed
20994894,1361,3,3,3,Yes,No,No,No,Yes,2,New Delhi,Unfurnished
19198418,976,3,4,2,Yes,No,No,No,Yes,1,South Delhi,Unfurnished
27936190,1677,3,4,1,Yes,No,No,Yes,Yes,3,Central Area,Unfurnished
18613535,960,3,4,2,Yes,Yes,No,Yes,No,1,South Delhi,Furnished
27340578,1334,3,3,1,Yes,Yes,Yes,No,Yes,1,South Delhi,Unfurnished
8489346,1026,2,2,1,No,No,No,No,Yes,1,East Delhi,Unfurnished
4376378,261,1,1,1,Yes,Yes,No,No,Yes,0,Central Area,Unfurnished
2699930,250,1,1,1,Yes,No,No,No,No,1,North Delhi,Furnished
4300510,250,1,1,1,Yes,No,No,No,Yes,0,Central Area,Furnished
16169707,1386,3,4,1,Yes,No,No,No,No,2,West Delhi,Furnished
5586182,579,1,2,1,Yes,No,No,No,No,1,North Delhi,Unfurnished
20346693,1937,3,3,2,No,No,No,No,No,2,West Delhi,Unfurnished
10312835,717,2,2,1,No,No,No,No,Yes,1,New Delhi,Unfurnished
15771564,1092,2,2,1,Yes,No,No,No,Yes,1,New Delhi,Semi-Furnsihed
27206039,1771,4,4,1,Yes,No,No,No,Yes,2,New Delhi,Furnished
11320700,1402,4,5,1,No,No,No,No,Yes,1,East Delhi,Unfurnished
16340478,1624,3,3,1,Yes,No,No,No,No,3,North Delhi,Unfurnished
9006488,1122,3,3,1,Yes,No,No,No,Yes,1,East Delhi,Unfurnished
29169585,1814,3,3,1,Yes,Yes,No,Yes,Yes,2,South Delhi,Unfurnished
11690199,1037,3,4,1,Yes,No,No,No,No,1,North Delhi,Semi-Furnsihed
8531395,972,3,3,1,Yes,No,Yes,No,No,1,East Delhi,Unfurnished
11126643,651,2,2,2,No,Yes,No,No,Yes,2,Central Area,Unfurnished
14942268,709,1,1,1,Yes,Yes,No,No,No,1,South Delhi,Semi-Furnsihed
7737399,798,2,3,1,No,No,No,No,No,1,North Delhi,Semi-Furnsihed
10085913,777,2,3,2,No,No,No,No,No,1,West Delhi,Furnished
6171425,618,2,2,1,No,No,No,No,No,1,North Delhi,Furnished
30113381,1617,4,5,1,Yes,No,No,Yes,Yes,2,South Delhi,Unfurnished
11571590,1182,3,4,2,No,No,No,No,No,1,North Delhi,Furnished
16258270,939,3,4,1,Yes,No,No,No,Yes,1,Central Area,Furnished
40723066,2086,4,5,2,No,No,No,No,No,1,South Delhi,Furnished
9629934,514,2,3,1,Yes,Yes,No,No,No,1,South Delhi,Semi-Furnsihed
7755129,722,2,2,1,Yes,No,No,No,No,1,North Delhi,Semi-Furnsihed
6151228,545,2,3,1,No,No,No,No,Yes,1,West Delhi,Unfurnished
3927412,250,1,1,1,Yes,No,No,No,Yes,0,New Delhi,Furnished
14714171,958,3,4,1,Yes,No,No,No,No,2,New Delhi,Furnished
7875398,751,2,2,1,No,No,No,No,No,1,North Delhi,Unfurnished
27908975,1756,4,5,1,No,Yes,No,No,Yes,2,New Delhi,Furnished
11659351,1052,3,4,1,No,Yes,No,No,No,1,North Delhi,Semi-Furnsihed
8647149,487,2,2,1,Yes,Yes,No,No,Yes,0,New Delhi,Furnished
26531169,1927,4,5,1,No,No,No,No,Yes,1,New Delhi,Unfurnished
26565359,1610,4,4,1,Yes,No,No,No,No,1,New Delhi,Semi-Furnsihed
22567309,1161,3,4,3,Yes,Yes,No,No,No,1,Central Area,Furnished
7629035,709,2,2,1,No,No,No,No,No,1,North Delhi,Furnished
8489238,520,2,2,1,Yes,No,Yes,Yes,Yes,1,New Delhi,Unfurnished
13070225,732,1,2,1,Yes,No,No,No,Yes,2,Central Area,Semi-Furnsihed
8760209,1081,3,3,1,No,No,No,No,No,1,East Delhi,Semi-Furnsihed
30037561,1942,4,5,3,Yes,Yes,No,No,No,2,New Delhi,Unfurnished
15554598,1505,3,3,1,No,Yes,No,No,No,2,West Delhi,Unfurnished
4259136,528,2,2,3,Yes,No,No,No,No,1,East Delhi,Unfurnished
4236954,374,1,1,1,No,No,No,No,No,1,West Delhi,Unfurnished
24542607,1284,3,3,2,No,No,No,No,No,2,South Delhi,Semi-Furnsihed
2255522,250,1,1,1,Yes,No,No,No,No,0,East Delhi,Furnished
10352278,987,3,3,2,No,No,No,Yes,No,0,West Delhi,Unfurnished
13826029,833,1,1,1,No,Yes,No,No,Yes,1,Central Area,Semi-Furnsihed
19940978,920,2,2,1,Yes,No,No,No,Yes,1,South Delhi,Furnished
2477451,250,1,2,1,No,No,No,No,No,1,North Delhi,Unfurnished
11889000,1068,3,4,1,Yes,No,No,No,No,2,West Delhi,Unfurnished
10950793,733,2,2,3,No,No,No,No,No,1,New Delhi,Unfurnished
2249734,290,1,2,1,Yes,No,No,No,Yes,0,East Delhi,Unfurnished
2743529,250,1,1,1,No,No,No,No,No,1,North Delhi,Unfurnished
22294114,1183,3,4,2,No,No,No,No,Yes,1,South Delhi,Furnished
25315517,1697,4,5,1,Yes,No,No,No,No,1,Central Area,Unfurnished
27475409,1647,3,4,3,Yes,Yes,Yes,No,Yes,2,Central Area,Unfurnished
5591837,617,2,2,2,Yes,No,No,No,No,1,North Delhi,Semi-Furnsihed
15364232,838,2,3,1,No,No,No,No,No,1,South Delhi,Furnished
11086100,1049,3,3,2,No,Yes,No,No,No,0,West Delhi,Unfurnished
4272628,400,1,2,1,No,No,No,No,No,1,North Delhi,Semi-Furnsihed
8828275,920,3,3,1,No,No,No,No,No,1,North Delhi,Unfurnished
23161053,1383,3,4,1,Yes,No,No,No,No,2,New Delhi,Furnished
14821372,1290,3,4,1,No,No,No,No,No,2,North Delhi,Furnished
22548964,1139,3,4,2,Yes,No,No,No,Yes,1,South Delhi,Semi-Furnsihed
7299827,718,2,2,3,Yes,No,No,No,No,2,North Delhi,Semi-Furnsihed
12834726,673,2,3,1,Yes,No,No,No,Yes,2,South Delhi,Semi-Furnsihed
8389801,586,2,2,1,Yes,No,No,No,Yes,1,New Delhi,Semi-Furnsihed
7455076,709,2,3,3,No,No,No,No,No,1,North Delhi,Furnished
25694857,1420,4,4,2,No,No,No,Yes,No,2,South Delhi,Furnished
23180507,1311,2,2,1,No,No,Yes,No,No,2,Central Area,Semi-Furnsihed
6024405,478,2,2,1,Yes,No,Yes,No,No,0,North Delhi,Furnished
14676730,1397,2,2,3,No,No,No,No,Yes,3,North Delhi,Unfurnished
7469148,734,2,2,1,Yes,No,No,No,Yes,1,West Delhi,Semi-Furnsihed
9582118,840,2,2,2,Yes,No,No,No,No,0,West Delhi,Furnished
5895009,532,2,2,2,Yes,No,No,No,No,0,West Delhi,Unfurnished
4434418,250,1,2,1,Yes,Yes,No,No,Yes,1,Central Area,Furnished
21922444,1442,4,5,2,Yes,No,No,No,No,2,New Delhi,Furnished
21608729,1231,3,3,2,No,No,No,No,Yes,1,Central Area,Furnished
4449563,601,2,2,1,No,No,No,No,No,1,East Delhi,Unfurnished
9110444,878,2,2,2,Yes,No,No,Yes,No,1,West Delhi,Unfurnished
19977303,1257,3,3,3,No,No,No,No,Yes,2,New Delhi,Unfurnished
3807420,250,1,2,1,No,No,No,No,Yes,0,New Delhi,Furnished
4372131,514,2,3,2,No,No,No,No,No,1,East Delhi,Semi-Furnsihed
29090233,1676,4,4,2,Yes,No,No,No,Yes,1,South Delhi,Semi-Furnsihed
3844072,316,1,1,2,No,No,No,No,No,1,West Delhi,Unfurnished
16391418,1146,2,2,1,No,No,No,No,No,1,New Delhi,Unfurnished
3140462,273,1,2,1,No,No,No,No,No,1,West Delhi,Furnished
29354683,1479,4,5,2,No,No,No,No,Yes,1,South Delhi,Furnished
7583720,785,2,2,1,Yes,No,No,No,No,1,North Delhi,Unfurnished
2017209,250,1,1,1,No,No,No,No,No,1,East Delhi,Unfurnished
15305744,1345,3,4,2,No,No,No,No,No,3,West Delhi,Unfurnished
6372410,537,1,2,1,No,No,No,No,Yes,1,West Delhi,Unfurnished
3486046,416,1,1,1,No,No,No,No,No,1,East Delhi,Unfurnished
10178976,935,3,3,1,No,No,No,No,No,1,West Delhi,Unfurnished
34376911,1889,3,3,2,Yes,No,No,No,Yes,3,South Delhi,Unfurnished
5350994,418,1,1,1,Yes,No,No,No,Yes,1,West Delhi,Unfurnished
10185188,876,2,2,1,Yes,No,No,No,No,1,West Delhi,Unfurnished
18971678,1214,3,3,1,Yes,Yes,No,No,Yes,2,New Delhi,Furnished
11714383,1077,3,3,2,No,No,No,No,Yes,1,North Delhi,Furnished
5965579,761,2,2,1,No,No,No,Yes,No,2,East Delhi,Unfurnished
4530908,571,2,3,1,No,No,No,No,No,0,East Delhi,Unfurnished
8141564,586,2,2,3,No,No,No,No,No,0,New Delhi,Unfurnished
23977521,1251,3,3,2,Yes,No,Yes,No,No,2,South Delhi,Furnished
3019144,324,1,1,3,No,No,No,No,Yes,1,East Delhi,Semi-Furnsihed
2638599,250,1,1,1,No,Yes,No,No,No,0,North Delhi,Unfurnished
25407150,1461,4,5,2,No,Yes,Yes,No,Yes,2,South Delhi,Furnished
8983013,1016,2,2,2,Yes,No,No,No,No,2,East Delhi,Semi-Furnsihed
2743348,250,1,1,1,No,No,No,No,No,0,North Delhi,Semi-Furnsihed
7632544,495,2,3,2,Yes,No,No,Yes,Yes,1,New Delhi,Semi-Furnsihed
13536081,1113,3,3,1,No,No,No,No,No,1,West Delhi,Furnished
29428453,2028,4,5,2,No,No,No,No,Yes,2,New Delhi,Unfurnished
22941393,1212,2,2,1,Yes,No,Yes,No,Yes,3,South Delhi,Semi-Furnsihed
10174379,572,2,2,1,Yes,No,No,No,Yes,1,Central Area,Unfurnished
7141634,726,2,2,1,No,No,No,No,No,1,North Delhi,Unfurnished
36020463,2024,4,4,1,No,No,Yes,No,Yes,2,South Delhi,Furnished
10289410,609,1,2,3,Yes,No,No,No,No,1,Central Area,Furnished
9495016,600,2,3,1,Yes,No,No,No,No,1,New Delhi,Furnished
12804216,758,2,2,1,Yes,Yes,No,No,No,2,New Delhi,Semi-Furnsihed
3106350,366,1,1,2,Yes,No,No,No,No,1,East Delhi,Furnished
15977804,1061,3,4,1,Yes,No,No,No,No,1,New Delhi,Semi-Furnsihed
29750806,1812,3,4,1,Yes,No,No,No,No,1,New Delhi,Semi-Furnsihed
9830809,929,3,3,2,No,Yes,No,No,No,0,North Delhi,Semi-Furnsihed
13256050,873,2,2,1,Yes,No,No,No,No,0,New Delhi,Furnished
13139557,768,2,2,2,Yes,No,No,No,No,2,Central Area,Unfurnished
3985529,250,1,2,2,Yes,No,Yes,No,Yes,1,New Delhi,Unfurnished
32995112,1729,3,3,3,No,No,No,No,No,2,South Delhi,Furnished
23132327,1153,3,3,1,Yes,Yes,No,No,Yes,1,South Delhi,Furnished
13014268,909,3,4,1,Yes,No,No,No,Yes,2,New Delhi,Unfurnished
39969621,2596,5,5,2,No,No,No,No,No,2,New Delhi,Furnished
6433383,804,2,2,1,No,No,No,No,No,2,East Delhi,Unfurnished
10001832,624,1,1,2,No,Yes,No,No,No,1,New Delhi,Furnished
7908988,668,2,2,1,No,No,No,No,No,2,West Delhi,Unfurnished
15977721,1338,2,2,1,Yes,Yes,No,No,Yes,2,West Delhi,Semi-Furnsihed
24455333,1267,3,3,2,No,No,No,No,Yes,1,South Delhi,Unfurnished
2834097,250,1,1,1,Yes,No,No,No,No,1,West Delhi,Semi-Furnsihed
35211412,1751,3,3,1,No,No,No,Yes,Yes,2,South Delhi,Semi-Furnsihed
4126853,466,2,3,1,No,Yes,No,No,No,0,East Delhi,Furnished
45689286,2323,4,5,3,No,No,Yes,No,No,2,South Delhi,Furnished
23543221,1540,4,4,1,Yes,No,No,No,Yes,1,New Delhi,Unfurnished
16597727,931,3,3,2,Yes,No,No,No,Yes,1,South Delhi,Semi-Furnsihed
9747231,1148,3,3,1,No,No,Yes,Yes,No,2,East Delhi,Unfurnished
16239777,1033,3,3,2,Yes,Yes,No,No,No,1,New Delhi,Semi-Furnsihed
12930447,1212,2,2,2,Yes,No,No,No,No,3,West Delhi,Unfurnished
30342290,1490,4,5,1,Yes,No,Yes,No,No,2,South Delhi,Semi-Furnsihed
4264190,461,2,2,1,Yes,No,No,No,No,1,North Delhi,Unfurnished
9512586,610,2,2,1,Yes,No,No,No,No,1,Central Area,Unfurnished
9272990,1060,3,3,2,No,No,No,No,No,1,East Delhi,Semi-Furnsihed
12210874,749,2,3,1,Yes,No,No,No,No,2,Central Area,Unfurnished
11684112,718,1,1,1,Yes,No,No,No,Yes,1,Central Area,Unfurnished
12737433,626,2,3,1,Yes,No,Yes,Yes,Yes,2,South Delhi,Furnished
19478701,1211,3,3,1,Yes,No,Yes,No,No,3,New Delhi,Semi-Furnsihed
18659651,1726,4,5,1,Yes,No,No,No,Yes,2,West Delhi,Furnished
9851144,559,2,3,1,Yes,No,No,No,No,1,South Delhi,Unfurnished
9407139,809,2,2,1,No,No,No,Yes,No,1,North Delhi,Furnished
26052334,1706,3,3,2,Yes,No,No,No,No,3,New Delhi,Furnished
14548738,960,3,3,1,Yes,No,No,No,No,1,New Delhi,Semi-Furnsihed
18326147,1226,3,3,1,Yes,No,No,No,No,1,New Delhi,Semi-Furnsihed
7336707,468,1,2,3,Yes,Yes,Yes,No,No,1,New Delhi,Unfurnished
11173920,1032,2,3,2,No,No,No,Yes,Yes,1,West Delhi,Unfurnished
21156368,1087,2,3,3,Yes,No,No,Yes,Yes,1,South Delhi,Semi-Furnsihed
23507874,1343,3,4,1,Yes,No,No,No,Yes,2,Central Area,Furnished
13331300,1274,3,3,1,No,No,No,No,No,1,North Delhi,Unfurnished
12037850,1606,3,3,1,No,No,No,No,No,2,East Delhi,Unfurnished
20296515,1289,3,4,2,Yes,Yes,No,No,Yes,2,New Delhi,Semi-Furnsihed
17499899,1046,2,2,1,Yes,No,No,No,No,0,Central Area,Furnished
10532278,932,3,4,1,No,No,No,No,No,1,West Delhi,Unfurnished
12966410,823,1,1,1,No,Yes,No,No,Yes,0,New Delhi,Furnished
27989492,1403,4,4,2,No,No,Yes,No,Yes,2,South Delhi,Unfurnished
20296684,1022,3,4,1,No,No,No,No,No,1,South Delhi,Semi-Furnsihed
9529904,921,3,3,1,Yes,No,No,No,No,2,West Delhi,Unfurnished
15343368,1409,4,5,1,No,No,No,No,Yes,3,West Delhi,Unfurnished
11339005,596,2,3,1,Yes,No,Yes,No,No,1,South Delhi,Furnished
26160252,1412,4,5,3,Yes,No,No,Yes,No,1,Central Area,Unfurnished
23953933,1492,3,4,2,Yes,No,No,Yes,No,3,Central Area,Semi-Furnsihed
9963889,799,2,2,3,No,No,No,No,No,2,West Delhi,Semi-Furnsihed
4368405,250,1,2,2,Yes,No,No,Yes,Yes,1,South Delhi,Semi-Furnsihed
14561659,835,2,2,1,Yes,No,No,No,No,1,South Delhi,Semi-Furnsihed
12889774,1318,2,2,1,Yes,No,No,No,Yes,3,North Delhi,Unfurnished
21290171,1186,2,3,1,Yes,No,No,Yes,Yes,1,South Delhi,Semi-Furnsihed
4599854,425,1,1,1,Yes,No,No,No,No,1,West Delhi,Unfurnished
11130687,672,2,2,1,Yes,No,No,No,Yes,1,Central Area,Furnished
31559051,1704,4,4,2,Yes,No,Yes,No,Yes,1,South Delhi,Semi-Furnsihed
20002715,1146,3,3,1,Yes,No,No,No,Yes,1,Central Area,Unfurnished
7556930,704,1,2,1,Yes,No,No,No,No,1,North Delhi,Unfurnished
7316050,653,1,1,1,Yes,No,No,No,No,1,North Delhi,Furnished
6831124,643,2,3,1,No,No,No,No,No,0,North Delhi,Semi-Furnsihed
8601801,538,2,3,2,No,No,No,No,No,0,New Delhi,Furnished
16719973,1536,3,4,1,Yes,No,No,No,Yes,2,West Delhi,Unfurnished
11601548,754,2,2,1,Yes,No,No,No,Yes,2,Central Area,Unfurnished
24611957,1447,4,5,2,Yes,Yes,No,No,Yes,3,Central Area,Unfurnished
9161962,1232,3,3,1,Yes,No,No,No,No,1,East Delhi,Unfurnished
31663497,1798,3,4,1,No,Yes,No,Yes,Yes,2,South Delhi,Unfurnished
19026033,941,2,2,1,Yes,No,No,No,Yes,2,South Delhi,Semi-Furnsihed
20833013,1081,3,4,1,Yes,No,No,No,Yes,1,Central Area,Furnished
22938106,1185,2,3,1,Yes,No,No,Yes,Yes,1,South Delhi,Semi-Furnsihed
8579897,493,2,2,3,No,No,No,No,Yes,1,Central Area,Unfurnished
10910786,987,3,3,3,Yes,No,No,No,Yes,1,West Delhi,Unfurnished
5942612,410,1,2,1,Yes,No,No,Yes,Yes,1,New Delhi,Semi-Furnsihed
9247634,1115,3,3,1,No,No,No,No,No,2,East Delhi,Unfurnished
6349726,614,2,3,2,No,No,No,No,No,0,North Delhi,Unfurnished
17068080,1100,2,2,1,No,No,No,No,No,1,New Delhi,Semi-Furnsihed
17164619,1027,3,3,1,Yes,No,No,No,No,0,Central Area,Furnished
14079479,870,2,3,1,No,No,No,Yes,Yes,1,New Delhi,Unfurnished
11601489,1099,3,4,3,Yes,No,No,No,Yes,1,West Delhi,Unfurnished
11316292,686,1,2,1,Yes,No,No,No,Yes,1,Central Area,Furnished
12608273,1220,2,2,1,Yes,No,No,No,No,1,West Delhi,Unfurnished
5283055,327,1,2,2,No,Yes,No,No,Yes,1,New Delhi,Semi-Furnsihed
9841716,903,3,3,1,Yes,No,No,No,No,1,West Delhi,Furnished
28888904,1969,4,5,1,No,No,No,No,Yes,1,New Delhi,Unfurnished
7298770,449,1,2,3,Yes,No,Yes,Yes,No,1,Central Area,Semi-Furnsihed
3638207,462,2,2,1,No,No,No,No,No,1,East Delhi,Unfurnished
9702300,1005,2,2,1,Yes,No,No,No,No,1,North Delhi,Furnished
24845739,1307,3,3,1,No,Yes,No,No,No,1,South Delhi,Semi-Furnsihed
10709688,940,3,4,1,Yes,No,No,No,No,1,North Delhi,Furnished
18811696,1244,3,3,1,No,No,No,No,No,2,New Delhi,Unfurnished
8058127,922,3,4,1,No,No,No,No,No,2,East Delhi,Unfurnished
13424896,1243,2,2,1,No,No,No,No,No,1,North Delhi,Unfurnished
20036919,1204,3,4,2,Yes,No,No,No,No,2,New Delhi,Furnished
20623995,1055,2,3,1,No,No,No,Yes,Yes,1,South Delhi,Furnished
21238145,1202,3,3,1,Yes,Yes,No,No,Yes,2,Central Area,Furnished
19634176,1657,4,4,1,Yes,No,No,No,No,2,West Delhi,Semi-Furnsihed
8688368,793,2,2,2,No,No,No,No,Yes,2,West Delhi,Unfurnished
6739158,461,2,3,1,Yes,No,No,No,No,1,Central Area,Semi-Furnsihed
37379021,1864,3,4,1,No,No,Yes,No,Yes,2,South Delhi,Semi-Furnsihed
7000340,751,2,2,1,No,No,No,No,No,1,North Delhi,Unfurnished
1941079,250,1,2,1,No,No,No,No,No,1,East Delhi,Semi-Furnsihed
22626004,1423,4,4,1,Yes,No,No,No,No,2,New Delhi,Furnished
16989759,878,1,1,2,No,No,No,No,Yes,0,South Delhi,Furnished
13480392,859,1,2,1,No,Yes,Yes,No,Yes,1,Central Area,Unfurnished
26718906,1399,3,3,1,No,No,No,No,Yes,2,South Delhi,Semi-Furnsihed
6872224,766,1,1,1,No,No,No,No,No,1,East Delhi,Furnished
29484065,1625,4,4,2,No,No,No,No,Yes,2,South Delhi,Furnished
7861653,664,2,2,1,No,No,No,Yes,No,2,West Delhi,Unfurnished
16715277,1130,3,3,1,Yes,Yes,No,No,No,1,Central Area,Unfurnished
9625286,739,2,2,1,No,No,Yes,No,Yes,2,West Delhi,Unfurnished
13108677,1163,3,4,1,No,No,No,No,Yes,1,West Delhi,Semi-Furnsihed
10867931,1046,3,3,1,Yes,No,No,Yes,No,2,North Delhi,Semi-Furnsihed
6929847,479,1,1,1,No,No,No,No,Yes,1,Central Area,Unfurnished
33857661,1851,4,4,1,No,Yes,No,No,No,2,South Delhi,Unfurnished
16981895,878,2,2,1,Yes,No,No,Yes,No,1,South Delhi,Furnished
7815387,982,3,4,1,No,No,No,No,No,1,East Delhi,Unfurnished
9794957,946,2,3,1,No,Yes,Yes,No,Yes,2,North Delhi,Unfurnished
17778317,1631,4,4,1,No,No,No,No,Yes,2,West Delhi,Semi-Furnsihed
9503421,755,1,2,2,Yes,Yes,No,No,Yes,1,West Delhi,Semi-Furnsihed
8352544,701,2,2,3,No,No,No,No,Yes,1,West Delhi,Furnished
24762498,1188,3,3,3,Yes,No,No,No,No,1,South Delhi,Furnished
4594142,593,2,2,2,No,No,No,No,No,0,East Delhi,Unfurnished
22097079,1399,2,2,1,No,No,No,Yes,Yes,1,New Delhi,Furnished
4051514,250,1,1,2,Yes,No,Yes,No,No,1,New Delhi,Unfurnished
6532182,473,2,3,1,No,No,No,Yes,Yes,1,New Delhi,Unfurnished
10086956,559,2,2,1,No,No,No,No,Yes,1,South Delhi,Furnished
35676225,1770,3,4,1,Yes,No,No,No,Yes,3,South Delhi,Semi-Furnsihed
13796510,1484,3,3,1,Yes,No,No,No,No,2,North Delhi,Unfurnished
18968862,1137,2,2,2,No,Yes,No,No,Yes,2,South Delhi,Unfurnished
9707800,778,2,3,1,No,No,No,No,Yes,1,West Delhi,Unfurnished
15201423,931,3,3,1,No,Yes,Yes,No,No,1,Central Area,Furnished
24680672,1580,4,4,3,Yes,No,No,No,No,1,New Delhi,Semi-Furnsihed
8135812,482,2,3,1,No,No,No,No,Yes,1,Central Area,Semi-Furnsihed
14233505,1119,2,3,1,No,No,No,No,Yes,1,New Delhi,Unfurnished
14091423,1264,3,4,3,Yes,No,No,No,No,1,West Delhi,Semi-Furnsihed
18853972,1125,3,4,1,No,Yes,No,No,No,1,Central Area,Unfurnished
10976117,930,3,4,1,Yes,No,No,No,Yes,2,West Delhi,Semi-Furnsihed
23719753,1500,4,5,1,No,No,No,Yes,No,2,New Delhi,Unfurnished
2686064,250,1,1,1,No,No,No,No,No,1,West Delhi,Unfurnished
8050950,937,3,3,2,No,No,Yes,Yes,No,2,East Delhi,Unfurnished
5157485,538,2,2,1,Yes,No,No,Yes,No,1,North Delhi,Unfurnished
3881177,250,1,1,1,Yes,No,No,No,No,1,Central Area,Furnished
27292020,1506,3,4,1,No,No,Yes,No,No,1,South Delhi,Furnished
23956468,1518,4,5,1,No,No,No,No,Yes,2,Central Area,Furnished
10176931,791,2,2,3,No,Yes,No,No,Yes,1,West Delhi,Furnished
31334371,1771,4,4,1,No,No,No,No,Yes,1,South Delhi,Furnished
27535423,1806,4,5,2,No,No,No,No,No,1,New Delhi,Unfurnished
15240882,1408,3,3,1,No,No,No,No,No,3,West Delhi,Unfurnished
27592527,1637,4,5,2,Yes,No,No,Yes,No,2,Central Area,Furnished
11856708,1096,3,3,3,Yes,No,No,No,No,2,North Delhi,Unfurnished
22475105,1245,3,3,1,Yes,No,No,No,No,2,South Delhi,Semi-Furnsihed
4758435,250,1,1,1,Yes,No,No,No,Yes,1,South Delhi,Unfurnished
7025799,701,2,2,1,Yes,No,No,No,No,1,North Delhi,Unfurnished
9474272,578,2,3,2,Yes,Yes,No,No,Yes,1,New Delhi,Furnished
22181860,1772,4,5,1,No,No,No,No,No,1,West Delhi,Unfurnished
12871855,912,3,4,2,No,No,No,No,No,1,New Delhi,Semi-Furnsihed
17798580,955,3,3,1,Yes,Yes,No,No,No,1,Central Area,Furnished
11237824,1020,3,3,2,Yes,No,No,No,No,1,North Delhi,Furnished
8411033,817,2,3,1,Yes,No,No,Yes,No,2,North Delhi,Furnished
19917590,1570,4,5,1,No,Yes,No,No,No,3,West Delhi,Semi-Furnsihed
9342051,619,2,2,1,Yes,No,Yes,No,No,0,Central Area,Semi-Furnsihed
10129672,932,3,3,1,No,Yes,No,No,No,1,West Delhi,Unfurnished
9261184,628,2,3,3,No,No,No,No,No,1,New Delhi,Furnished
8123606,407,1,1,2,Yes,Yes,Yes,Yes,No,1,South Delhi,Semi-Furnsihed
3620879,485,2,2,1,No,No,No,No,No,1,East Delhi,Unfurnished
23501497,1177,3,3,1,Yes,No,No,No,Yes,1,South Delhi,Furnished
4603442,549,2,2,1,No,No,No,No,No,1,East Delhi,Furnished
10285762,653,1,2,2,Yes,No,No,No,Yes,1,New Delhi,Furnished
